region,week,positivity_rate,sample_size
al,1,0.270263,7600
al,2,0.263035,6828
al,3,0.26688,4991
al,4,0.256996,3895
al,5,0.255419,4890
al,6,0.264869,5599
al,7,0.275655,5496
al,8,0.246713,4791
al,9,0.221787,4342
al,10,0.192958,3607
al,11,0.178199,2587
al,12,0.175994,2591
al,13,0.164544,1884
al,14,0.173889,1777
al,15,0.177627,1475
al,16,0.149289,1266
al,17,0.106136,1206
al,18,0.172203,1144
al,19,0.146953,837
al,20,0.180624,609
al,21,0.142424,330
al,22,0.172107,337
al,23,0.149474,475
al,24,0.175439,285
al,25,0.205689,457
al,26,0.290541,444
al,27,0.312621,515
al,28,0.407609,736
al,29,0.338141,624
al,30,0.342183,1017
al,31,0.393987,1264
al,32,0.373649,1480
al,33,0.318661,2181
al,34,0.327567,2659
al,35,0.318167,2989
al,36,0.29504,1976
al,37,0.257631,1638
al,38,0.211925,1543
al,39,0.216765,1527
al,40,0.187188,1202
al,41,0.189076,1190
al,42,0.163569,1076
al,43,0.153076,1398
al,44,0.195015,1364
al,45,0.187383,1601
al,46,0.148878,1471
al,47,0.131279,1493
al,48,0.15883,1744
al,49,0.185875,2039
al,50,0.178341,2484
al,51,0.174001,4454
al,52,0.172514,5501
ar,1,0.263963,3205
ar,2,0.277778,3024
ar,3,0.200104,1929
ar,4,0.166602,2569
ar,5,0.145852,3291
ar,6,0.139767,3606
ar,7,0.141601,3411
ar,8,0.178407,2825
ar,9,0.145562,2535
ar,10,0.152117,1913
ar,11,0.129454,1684
ar,12,0.163072,1159
ar,13,0.136324,1159
ar,14,0.185423,933
ar,15,0.186739,739
ar,16,0.172876,671
ar,17,0.17053,604
ar,18,0.20332,482
ar,19,0.138,500
ar,20,0.147465,217
ar,21,0.152542,236
ar,22,0.125506,247
ar,23,0.148,250
ar,24,0.236111,144
ar,25,0.198198,111
ar,26,0.272727,198
ar,27,0.232323,99
ar,28,0.377593,241
ar,29,0.239437,426
ar,30,0.415441,544
ar,31,0.353877,503
ar,32,0.38806,670
ar,33,0.340146,685
ar,34,0.349567,924
ar,35,0.275648,965
ar,36,0.313641,931
ar,37,0.283988,993
ar,38,0.221823,834
ar,39,0.246061,825
ar,40,0.166425,691
ar,41,0.242816,696
ar,42,0.209705,577
ar,43,0.170475,569
ar,44,0.116022,543
ar,45,0.142149,605
ar,46,0.163614,819
ar,47,0.150082,613
ar,48,0.207469,723
ar,49,0.176744,860
ar,50,0.212285,1107
ar,51,0.219595,1776
ar,52,0.230989,2104
az,1,0.320953,15239
az,2,0.258699,13881
az,3,0.244635,10485
az,4,0.252503,9889
az,5,0.273076,9133
az,6,0.267662,9172
az,7,0.264637,8147
az,8,0.256983,8378
az,9,0.251141,7669
az,10,0.255163,7215
az,11,0.272756,6295
az,12,0.257013,5953
az,13,0.281977,5504
az,14,0.261082,4715
az,15,0.266089,4273
az,16,0.268609,4084
az,17,0.261635,4598
az,18,0.294607,3727
az,19,0.303881,3350
az,20,0.246988,2324
az,21,0.209302,1677
az,22,0.217816,1841
az,23,0.283045,2194
az,24,0.345489,2139
az,25,0.356311,2060
az,26,0.374036,2334
az,27,0.367508,1902
az,28,0.369024,2008
az,29,0.36128,1813
az,30,0.378015,2156
az,31,0.410906,2329
az,32,0.391596,2237
az,33,0.368698,2658
az,34,0.38805,3046
az,35,0.371481,3268
az,36,0.365725,2655
az,37,0.312728,3009
az,38,0.296927,3937
az,39,0.313293,4258
az,40,0.34886,4036
az,41,0.322317,4902
az,42,0.340354,5033
az,43,0.379039,4704
az,44,0.333333,4419
az,45,0.34575,5423
az,46,0.34701,6556
az,47,0.326299,6160
az,48,0.302317,5266
az,49,0.305194,5295
az,50,0.275212,5890
az,51,0.264598,8477
az,52,0.251785,8543
ca,1,0.392675,27524
ca,2,0.298169,24134
ca,3,0.284095,18874
ca,4,0.270011,16866
ca,5,0.277662,14903
ca,6,0.293822,16299
ca,7,0.307893,15369
ca,8,0.309688,14802
ca,9,0.27398,13720
ca,10,0.275162,12509
ca,11,0.231739,11815
ca,12,0.213443,10087
ca,13,0.208001,11173
ca,14,0.187243,10441
ca,15,0.196188,10704
ca,16,0.180825,9064
ca,17,0.152412,7401
ca,18,0.22131,4871
ca,19,0.248877,4231
ca,20,0.240874,4301
ca,21,0.287075,3675
ca,22,0.291383,3226
ca,23,0.283852,3988
ca,24,0.288577,4342
ca,25,0.294277,4071
ca,26,0.306878,3780
ca,27,0.365867,3545
ca,28,0.416058,3699
ca,29,0.437293,3620
ca,30,0.446871,3388
ca,31,0.429768,4179
ca,32,0.461378,6240
ca,33,0.460141,7652
ca,34,0.441831,7865
ca,35,0.426667,7875
ca,36,0.424856,5729
ca,37,0.389052,6485
ca,38,0.31599,5785
ca,39,0.279163,5975
ca,40,0.250821,5789
ca,41,0.240737,4885
ca,42,0.26208,5174
ca,43,0.254501,3721
ca,44,0.230097,2977
ca,45,0.232594,3921
ca,46,0.23938,2966
ca,47,0.26619,4200
ca,48,0.259284,4551
ca,49,0.297389,5286
ca,50,0.296203,5530
ca,51,0.301549,8778
ca,52,0.29525,8779
co,1,0.257087,9172
co,2,0.226767,8361
co,3,0.24873,5512
co,4,0.256173,6601
co,5,0.236867,6358
co,6,0.232225,7398
co,7,0.241874,5999
co,8,0.258049,6398
co,9,0.279687,5878
co,10,0.216467,5502
co,11,0.226242,5777
co,12,0.203166,4548
co,13,0.208173,4405
co,14,0.207752,3586
co,15,0.188506,3045
co,16,0.189919,3075
co,17,0.177526,2563
co,18,0.196195,2681
co,19,0.193878,2156
co,20,0.236461,1311
co,21,0.252297,1197
co,22,0.220748,829
co,23,0.213055,1103
co,24,0.296833,1105
co,25,0.326014,1184
co,26,0.336758,876
co,27,0.359563,915
co,28,0.27733,869
co,29,0.355641,1046
co,30,0.427677,1438
co,31,0.403913,1431
co,32,0.364766,1368
co,33,0.38427,1335
co,34,0.355227,1827
co,35,0.360257,2179
co,36,0.389181,1331
co,37,0.324663,2076
co,38,0.277108,3071
co,39,0.282854,2747
co,40,0.302271,2554
co,41,0.270959,2827
co,42,0.312724,2507
co,43,0.336948,2582
co,44,0.34289,2581
co,45,0.332249,3073
co,46,0.301136,3168
co,47,0.223676,3134
co,48,0.246005,3004
co,49,0.269474,3158
co,50,0.24065,3262
co,51,0.212816,4713
co,52,0.217538,4459
de,1,0.371284,2758
de,2,0.326359,3202
de,3,0.319926,2163
de,4,0.298645,1845
de,5,0.317851,1787
de,6,0.26146,1767
de,7,0.267638,1715
de,8,0.237719,1771
de,9,0.191216,1480
de,10,0.203883,1030
de,11,0.187563,997
de,12,0.167677,990
de,13,0.181063,602
de,14,0.184818,606
de,15,0.105932,472
de,16,0.10274,438
de,17,0.094086,372
de,18,0.192182,307
de,19,0.162264,265
de,20,0.24,175
de,21,0.111111,108
de,22,0.155844,77
de,23,0.238095,168
de,24,0.169643,112
de,25,0.26087,184
de,26,0.307692,117
de,27,0.315789,133
de,28,0.282787,244
de,29,0.420408,245
de,30,0.392739,303
de,31,0.398734,474
de,32,0.349241,461
de,33,0.397872,470
de,34,0.293963,381
de,35,0.326964,471
de,36,0.35873,315
de,37,0.358209,536
de,38,0.314741,753
de,39,0.29697,825
de,40,0.238671,662
de,41,0.262542,598
de,42,0.249249,666
de,43,0.219224,593
de,44,0.193617,470
de,45,0.191824,318
de,46,0.147059,374
de,47,0.219224,593
de,48,0.285412,473
de,49,0.311864,590
de,50,0.237172,877
de,51,0.294563,1453
de,52,0.317383,1651
fl,1,0.332204,75842
fl,2,0.313008,78685
fl,3,0.300217,64127
fl,4,0.300556,61130
fl,5,0.270787,54408
fl,6,0.268387,53367
fl,7,0.259452,45839
fl,8,0.246434,39264
fl,9,0.231545,34490
fl,10,0.2119,31411
fl,11,0.193981,27580
fl,12,0.205766,24868
fl,13,0.21465,23536
fl,14,0.211612,20892
fl,15,0.215608,18849
fl,16,0.195068,17722
fl,17,0.209451,16443
fl,18,0.213123,15911
fl,19,0.21148,13902
fl,20,0.217507,10110
fl,21,0.201581,7972
fl,22,0.229703,8228
fl,23,0.257287,10292
fl,24,0.278834,9780
fl,25,0.337637,10843
fl,26,0.363688,12420
fl,27,0.38486,11638
fl,28,0.432751,10082
fl,29,0.42596,10832
fl,30,0.431103,11002
fl,31,0.44093,9768
fl,32,0.432139,11332
fl,33,0.407789,14944
fl,34,0.398166,17887
fl,35,0.370029,17904
fl,36,0.342417,12733
fl,37,0.314363,14725
fl,38,0.23928,16395
fl,39,0.21683,15247
fl,40,0.219914,14010
fl,41,0.20656,11769
fl,42,0.194925,12492
fl,43,0.193401,12880
fl,44,0.162747,12160
fl,45,0.163808,12710
fl,46,0.148854,12744
fl,47,0.153228,12700
fl,48,0.177624,13613
fl,49,0.192341,15145
fl,50,0.2043,17768
fl,51,0.207248,24999
fl,52,0.232162,28058
ga,1,0.316013,25211
ga,2,0.291618,24052
ga,3,0.285475,18520
ga,4,0.268383,19461
ga,5,0.255911,20343
ga,6,0.248857,19469
ga,7,0.24693,16612
ga,8,0.248421,13461
ga,9,0.22642,11832
ga,10,0.200448,8930
ga,11,0.190664,8633
ga,12,0.163966,7282
ga,13,0.161285,6597
ga,14,0.173084,5402
ga,15,0.163145,5443
ga,16,0.125544,5058
ga,17,0.165029,4478
ga,18,0.176115,3969
ga,19,0.157041,3636
ga,20,0.152675,2692
ga,21,0.143875,2106
ga,22,0.181954,2006
ga,23,0.175188,2523
ga,24,0.235717,2363
ga,25,0.246202,2238
ga,26,0.268502,2216
ga,27,0.269011,2446
ga,28,0.353339,2366
ga,29,0.402728,2786
ga,30,0.359107,3492
ga,31,0.394845,4617
ga,32,0.376298,6067
ga,33,0.369206,8177
ga,34,0.349141,10649
ga,35,0.324169,9566
ga,36,0.311904,5662
ga,37,0.252713,5437
ga,38,0.215725,5558
ga,39,0.187607,4680
ga,40,0.20905,4243
ga,41,0.188949,4615
ga,42,0.20904,4779
ga,43,0.207686,4892
ga,44,0.183104,4948
ga,45,0.189848,5457
ga,46,0.181931,5634
ga,47,0.176353,4990
ga,48,0.187407,4701
ga,49,0.176164,5756
ga,50,0.191944,7299
ga,51,0.204048,13536
ga,52,0.204244,15550
il,1,0.335393,46760
il,2,0.304796,40286
il,3,0.295036,29149
il,4,0.292882,26229
il,5,0.290516,27520
il,6,0.290753,28777
il,7,0.306727,28928
il,8,0.303287,27713
il,9,0.284458,25807
il,10,0.271617,22922
il,11,0.244183,20071
il,12,0.249717,19426
il,13,0.255813,17763
il,14,0.245036,13851
il,15,0.249375,13209
il,16,0.201001,11388
il,17,0.213847,10573
il,18,0.255423,10003
il,19,0.24719,8095
il,20,0.225115,5224
il,21,0.199016,3251
il,22,0.204719,3136
il,23,0.214678,3638
il,24,0.243551,3683
il,25,0.236975,3570
il,26,0.294428,3607
il,27,0.343716,3724
il,28,0.359533,3944
il,29,0.383565,3809
il,30,0.411482,5417
il,31,0.404286,5600
il,32,0.3962,6368
il,33,0.394218,6745
il,34,0.377503,8490
il,35,0.376615,9288
il,36,0.343711,7998
il,37,0.300199,9024
il,38,0.291866,10265
il,39,0.262038,10010
il,40,0.253574,9023
il,41,0.238508,8419
il,42,0.268249,8466
il,43,0.280743,8132
il,44,0.266231,8271
il,45,0.286659,8170
il,46,0.302377,10434
il,47,0.322375,11741
il,48,0.354075,13226
il,49,0.347032,14843
il,50,0.354204,15971
il,51,0.342772,23450
il,52,0.30701,25579
in,1,0.331477,8082
in,2,0.31182,8274
in,3,0.292985,6386
in,4,0.285297,5475
in,5,0.27197,6839
in,6,0.274215,7454
in,7,0.257282,7004
in,8,0.236968,6254
in,9,0.237801,5656
in,10,0.195803,5051
in,11,0.206322,4745
in,12,0.195233,4405
in,13,0.184721,3351
in,14,0.190345,2900
in,15,0.194481,2283
in,16,0.172124,2260
in,17,0.149083,2180
in,18,0.175036,1394
in,19,0.226093,1464
in,20,0.115178,929
in,21,0.119141,512
in,22,0.129944,531
in,23,0.136076,632
in,24,0.133333,555
in,25,0.180451,665
in,26,0.212025,632
in,27,0.269646,649
in,28,0.342898,697
in,29,0.351598,876
in,30,0.357385,1178
in,31,0.389137,1344
in,32,0.365269,1670
in,33,0.403226,1984
in,34,0.370523,2429
in,35,0.347779,2746
in,36,0.316209,2005
in,37,0.280495,1779
in,38,0.241399,1773
in,39,0.239209,1668
in,40,0.183824,1768
in,41,0.208668,1869
in,42,0.223912,1907
in,43,0.267732,2002
in,44,0.266324,1945
in,45,0.288417,2167
in,46,0.293723,2533
in,47,0.31134,3016
in,48,0.32687,2888
in,49,0.337371,3963
in,50,0.303746,3684
in,51,0.330688,5797
in,52,0.317521,6261
md,1,0.35293,5358
md,2,0.303586,5076
md,3,0.273223,3671
md,4,0.282845,3037
md,5,0.255754,3128
md,6,0.226712,3242
md,7,0.240351,3187
md,8,0.21088,3125
md,9,0.18422,2877
md,10,0.218481,2554
md,11,0.138778,1751
md,12,0.138298,1504
md,13,0.149343,1674
md,14,0.146835,1185
md,15,0.147769,1367
md,16,0.140167,956
md,17,0.160656,915
md,18,0.195431,788
md,19,0.165354,762
md,20,0.112179,624
md,21,0.109914,464
md,22,0.194313,422
md,23,0.231905,677
md,24,0.164539,705
md,25,0.170507,651
md,26,0.212174,575
md,27,0.322709,502
md,28,0.309722,720
md,29,0.302118,897
md,30,0.292435,1084
md,31,0.305732,1099
md,32,0.340734,1171
md,33,0.354291,1177
md,34,0.304784,1296
md,35,0.370072,1116
md,36,0.339402,769
md,37,0.292264,1047
md,38,0.237712,1119
md,39,0.215548,849
md,40,0.210052,776
md,41,0.120066,608
md,42,0.180077,522
md,43,0.139165,503
md,44,0.155983,468
md,45,0.127877,391
md,46,0.193095,782
md,47,0.254645,915
md,48,0.252796,894
md,49,0.221915,1086
md,50,0.256875,1491
md,51,0.277035,2617
md,52,0.262458,3532
mi,1,0.334967,13667
mi,2,0.297796,12475
mi,3,0.294061,9345
mi,4,0.298473,7726
mi,5,0.281511,8259
mi,6,0.272143,8716
mi,7,0.275821,9198
mi,8,0.284846,8717
mi,9,0.23935,7441
mi,10,0.234511,7360
mi,11,0.23927,6244
mi,12,0.256215,7080
mi,13,0.235769,6447
mi,14,0.242103,5287
mi,15,0.244073,4429
mi,16,0.184886,3586
mi,17,0.172865,3899
mi,18,0.212058,2886
mi,19,0.225717,2512
mi,20,0.151347,1262
mi,21,0.183215,846
mi,22,0.183099,710
mi,23,0.165882,850
mi,24,0.270833,624
mi,25,0.202726,587
mi,26,0.217852,661
mi,27,0.242057,661
mi,28,0.295666,646
mi,29,0.409186,958
mi,30,0.362648,1012
mi,31,0.362689,1056
mi,32,0.404407,1407
mi,33,0.424178,1886
mi,34,0.369006,1981
mi,35,0.365722,2223
mi,36,0.328737,1813
mi,37,0.331591,2678
mi,38,0.272811,4351
mi,39,0.295163,4445
mi,40,0.303332,3722
mi,41,0.225543,2576
mi,42,0.257009,2782
mi,43,0.289483,2957
mi,44,0.258899,2978
mi,45,0.282505,2938
mi,46,0.341199,3602
mi,47,0.331,3571
mi,48,0.335421,3992
mi,49,0.33623,4833
mi,50,0.370671,5428
mi,51,0.358273,7458
mi,52,0.350862,8006
mn,1,0.310456,6513
mn,2,0.289325,7082
mn,3,0.266079,6126
mn,4,0.265066,6289
mn,5,0.284405,6438
mn,6,0.283336,6247
mn,7,0.2871,5566
mn,8,0.284053,5073
mn,9,0.261108,4749
mn,10,0.232821,4424
mn,11,0.215039,3697
mn,12,0.202613,3751
mn,13,0.197161,3170
mn,14,0.152131,3050
mn,15,0.194925,2483
mn,16,0.193337,1981
mn,17,0.154978,2039
mn,18,0.178777,1734
mn,19,0.174687,1517
mn,20,0.136132,786
mn,21,0.167857,560
mn,22,0.143443,488
mn,23,0.161103,689
mn,24,0.155378,502
mn,25,0.241796,579
mn,26,0.226381,561
mn,27,0.235094,587
mn,28,0.299843,637
mn,29,0.315954,959
mn,30,0.313746,953
mn,31,0.375502,996
mn,32,0.331261,1126
mn,33,0.348444,1125
mn,34,0.325881,1163
mn,35,0.323507,1289
mn,36,0.305085,826
mn,37,0.296584,1288
mn,38,0.268508,1810
mn,39,0.236831,2297
mn,40,0.208141,2162
mn,41,0.207508,1918
mn,42,0.226674,1897
mn,43,0.290719,1627
mn,44,0.265766,1554
mn,45,0.238202,1780
mn,46,0.291642,1711
mn,47,0.315149,2053
mn,48,0.295362,2221
mn,49,0.336258,2507
mn,50,0.324466,2857
mn,51,0.317025,4517
mn,52,0.306734,4173
mo,1,0.302451,12445
mo,2,0.287225,10121
mo,3,0.276385,7457
mo,4,0.269357,7310
mo,5,0.230527,7318
mo,6,0.216232,8366
mo,7,0.223037,8317
mo,8,0.224686,8207
mo,9,0.207284,7743
mo,10,0.194884,5629
mo,11,0.176068,4379
mo,12,0.226294,4039
mo,13,0.201928,3942
mo,14,0.215847,2928
mo,15,0.21552,2719
mo,16,0.178959,2766
mo,17,0.171895,2391
mo,18,0.188971,1614
mo,19,0.202466,1541
mo,20,0.176149,914
mo,21,0.114943,609
mo,22,0.159445,577
mo,23,0.166227,758
mo,24,0.176573,572
mo,25,0.255076,788
mo,26,0.270233,729
mo,27,0.339713,627
mo,28,0.329073,626
mo,29,0.331193,1090
mo,30,0.345688,1322
mo,31,0.398129,962
mo,32,0.373885,1570
mo,33,0.399675,1844
mo,34,0.365761,2097
mo,35,0.357372,2496
mo,36,0.310317,2491
mo,37,0.279867,3005
mo,38,0.257438,3294
mo,39,0.236974,3186
mo,40,0.241039,2734
mo,41,0.22413,2271
mo,42,0.230061,2282
mo,43,0.262136,2266
mo,44,0.24812,2261
mo,45,0.255437,2345
mo,46,0.284026,2792
mo,47,0.248817,2958
mo,48,0.29084,3428
mo,49,0.303552,3772
mo,50,0.316157,4444
mo,51,0.306457,6536
mo,52,0.293209,6538
ms,1,0.311131,3423
ms,2,0.295896,2680
ms,3,0.292883,2192
ms,4,0.254237,1947
ms,5,0.261981,1878
ms,6,0.242048,2012
ms,7,0.264362,1880
ms,8,0.270662,1585
ms,9,0.237926,1408
ms,10,0.195741,1221
ms,11,0.209091,990
ms,12,0.160153,1049
ms,13,0.195745,705
ms,14,0.239252,535
ms,15,0.230769,533
ms,16,0.215447,492
ms,17,0.14742,407
ms,18,0.146727,443
ms,19,0.218182,385
ms,20,0.150943,159
ms,21,0.107843,102
ms,22,0.111111,63
ms,23,0.33871,62
ms,24,0.35,100
ms,25,0.28125,96
ms,26,0.2375,80
ms,27,0.230769,78
ms,28,0.159763,169
ms,29,0.259414,239
ms,30,0.283626,342
ms,31,0.396061,457
ms,32,0.411836,828
ms,33,0.343863,1108
ms,34,0.311609,982
ms,35,0.226321,1003
ms,36,0.256048,496
ms,37,0.200663,603
ms,38,0.196296,540
ms,39,0.271739,644
ms,40,0.19186,516
ms,41,0.165072,418
ms,42,0.150115,433
ms,43,0.174737,475
ms,44,0.156757,370
ms,45,0.195933,541
ms,46,0.24679,701
ms,47,0.212654,569
ms,48,0.237261,628
ms,49,0.186411,574
ms,50,0.155364,811
ms,51,0.184964,1676
ms,52,0.188759,1886
national,1,0.32639,647489
national,2,0.302184,574998
national,3,0.293875,442100
national,4,0.285829,436195
national,5,0.271677,449369
national,6,0.261461,441837
national,7,0.259885,397641
national,8,0.253039,351594
national,9,0.238468,321138
national,10,0.223904,272831
national,11,0.210357,239692
national,12,0.212397,224603
national,13,0.21125,204970
national,14,0.204509,180701
national,15,0.201883,163392
national,16,0.185577,148030
national,17,0.177603,133697
national,18,0.204921,113234
national,19,0.208673,98125
national,20,0.193054,70198
national,21,0.193973,53987
national,22,0.207805,49022
national,23,0.22537,61836
national,24,0.255167,59710
national,25,0.278017,59097
national,26,0.311759,61432
national,27,0.3381,55170
national,28,0.38118,59203
national,29,0.392917,67256
national,30,0.394554,75214
national,31,0.407062,88527
national,32,0.405684,108205
national,33,0.395242,124635
national,34,0.382272,143364
national,35,0.36255,153350
national,36,0.34397,114728
national,37,0.307152,127061
national,38,0.27182,140376
national,39,0.255782,140960
national,40,0.241454,127457
national,41,0.229048,120525
national,42,0.233732,117609
national,43,0.242469,115363
national,44,0.230617,106449
national,45,0.238373,118285
national,46,0.244601,129002
national,47,0.243493,130792
national,48,0.258938,138813
national,49,0.261662,158017
national,50,0.265985,180751
national,51,0.259431,283008
national,52,0.254925,314673
nc,1,0.318635,41116
nc,2,0.29937,32368
nc,3,0.297832,25511
nc,4,0.287562,25817
nc,5,0.259862,27403
nc,6,0.262149,27286
nc,7,0.265164,25026
nc,8,0.234292,19847
nc,9,0.221204,16912
nc,10,0.209547,12360
nc,11,0.176894,9859
nc,12,0.194656,9319
nc,13,0.177333,8797
nc,14,0.18219,8063
nc,15,0.180036,6582
nc,16,0.156018,5666
nc,17,0.146866,5488
nc,18,0.184045,4939
nc,19,0.181971,4160
nc,20,0.165605,2983
nc,21,0.136566,2248
nc,22,0.165754,2009
nc,23,0.182278,2370
nc,24,0.222179,2543
nc,25,0.261111,2520
nc,26,0.275686,2735
nc,27,0.297246,2614
nc,28,0.339946,2974
nc,29,0.396947,3275
nc,30,0.383008,3637
nc,31,0.39319,5580
nc,32,0.405234,6458
nc,33,0.383926,5910
nc,34,0.36425,8151
nc,35,0.367128,8305
nc,36,0.360019,6283
nc,37,0.314164,7964
nc,38,0.286011,8192
nc,39,0.26262,8023
nc,40,0.210272,7029
nc,41,0.224864,6435
nc,42,0.206213,5955
nc,43,0.214332,6112
nc,44,0.210455,5892
nc,45,0.198639,5880
nc,46,0.18082,6194
nc,47,0.190777,6332
nc,48,0.219109,6531
nc,49,0.204761,8234
nc,50,0.202508,10686
nc,51,0.185781,19157
nc,52,0.200913,23866
ne,1,0.289627,2410
ne,2,0.286657,2121
ne,3,0.268141,1447
ne,4,0.236,1500
ne,5,0.218579,1830
ne,6,0.259198,1821
ne,7,0.236204,1939
ne,8,0.207821,1790
ne,9,0.251784,1962
ne,10,0.236174,1537
ne,11,0.221434,1409
ne,12,0.220529,1247
ne,13,0.242529,870
ne,14,0.164488,918
ne,15,0.234667,750
ne,16,0.217666,634
ne,17,0.160256,468
ne,18,0.112469,409
ne,19,0.206667,300
ne,20,0.183206,131
ne,21,0.240876,137
ne,22,0.243697,119
ne,23,0.248227,141
ne,24,0.18,50
ne,25,0.095238,21
ne,26,0.204082,49
ne,27,0.387755,49
ne,28,0.286624,157
ne,29,0.41,200
ne,30,0.496855,318
ne,31,0.368132,364
ne,32,0.325301,332
ne,33,0.342029,345
ne,34,0.410646,263
ne,35,0.320346,462
ne,36,0.324826,431
ne,37,0.248497,499
ne,38,0.175,480
ne,39,0.208791,455
ne,40,0.208531,422
ne,41,0.260791,556
ne,42,0.248,500
ne,43,0.36136,559
ne,44,0.224528,530
ne,45,0.26461,616
ne,46,0.244138,725
ne,47,0.329065,781
ne,48,0.23875,800
ne,49,0.270208,866
ne,50,0.35124,968
ne,51,0.336094,1449
ne,52,0.31877,1236
nj,1,0.341067,29179
nj,2,0.319006,26244
nj,3,0.307816,20509
nj,4,0.290065,18651
nj,5,0.286198,17722
nj,6,0.266223,15611
nj,7,0.235227,13132
nj,8,0.229543,10473
nj,9,0.200366,9837
nj,10,0.171366,8724
nj,11,0.164915,7610
nj,12,0.166457,7161
nj,13,0.158478,7307
nj,14,0.132475,6288
nj,15,0.116734,5671
nj,16,0.120755,5035
nj,17,0.127249,4503
nj,18,0.165504,3154
nj,19,0.16705,3047
nj,20,0.162408,2309
nj,21,0.197773,1886
nj,22,0.160237,1685
nj,23,0.238174,2431
nj,24,0.275787,1842
nj,25,0.21563,1753
nj,26,0.278177,2085
nj,27,0.253061,1715
nj,28,0.308084,1769
nj,29,0.366265,2075
nj,30,0.350877,2622
nj,31,0.357698,1929
nj,32,0.328834,2889
nj,33,0.354798,3168
nj,34,0.365006,3452
nj,35,0.341239,3373
nj,36,0.367729,2510
nj,37,0.302307,3685
nj,38,0.287396,5522
nj,39,0.283584,6305
nj,40,0.236271,5900
nj,41,0.204842,5204
nj,42,0.208661,4457
nj,43,0.240973,3905
nj,44,0.236842,3458
nj,45,0.18151,3537
nj,46,0.218,4000
nj,47,0.252591,3860
nj,48,0.228358,4020
nj,49,0.248921,4403
nj,50,0.257903,6390
nj,51,0.310661,9174
nj,52,0.298679,12716
nm,1,0.251109,4058
nm,2,0.224526,3955
nm,3,0.23873,2551
nm,4,0.219671,2613
nm,5,0.216455,2832
nm,6,0.244101,2331
nm,7,0.20824,2233
nm,8,0.244275,2620
nm,9,0.256051,2644
nm,10,0.247303,2410
nm,11,0.284129,2073
nm,12,0.259024,2050
nm,13,0.279512,2050
nm,14,0.292405,1580
nm,15,0.314129,1458
nm,16,0.287449,1235
nm,17,0.283186,1017
nm,18,0.293658,1151
nm,19,0.349835,909
nm,20,0.28702,547
nm,21,0.203488,344
nm,22,0.233871,372
nm,23,0.225543,368
nm,24,0.227273,286
nm,25,0.324528,265
nm,26,0.392226,283
nm,27,0.37594,266
nm,28,0.300469,213
nm,29,0.351585,347
nm,30,0.353562,379
nm,31,0.392019,426
nm,32,0.450304,493
nm,33,0.478799,566
nm,34,0.339463,707
nm,35,0.356187,598
nm,36,0.316708,401
nm,37,0.307692,546
nm,38,0.285319,722
nm,39,0.291378,1009
nm,40,0.280109,1096
nm,41,0.32837,1276
nm,42,0.305241,1412
nm,43,0.352349,1490
nm,44,0.343931,1384
nm,45,0.402224,1529
nm,46,0.390422,1921
nm,47,0.37193,1710
nm,48,0.337423,1467
nm,49,0.316678,1421
nm,50,0.327399,1292
nm,51,0.248634,1830
nm,52,0.24964,2083
ny,1,0.417935,22403
ny,2,0.405549,21662
ny,3,0.404032,17459
ny,4,0.390992,17095
ny,5,0.380766,17084
ny,6,0.374212,15697
ny,7,0.35097,14685
ny,8,0.327042,12769
ny,9,0.292935,11890
ny,10,0.266879,10027
ny,11,0.262731,8130
ny,12,0.266598,7787
ny,13,0.253551,7604
ny,14,0.226591,7070
ny,15,0.197436,6240
ny,16,0.209163,5173
ny,17,0.210838,4392
ny,18,0.229,4000
ny,19,0.226964,3234
ny,20,0.234917,2337
ny,21,0.257485,1837
ny,22,0.253165,1343
ny,23,0.305003,1859
ny,24,0.285893,1602
ny,25,0.287135,1710
ny,26,0.296345,1532
ny,27,0.361295,1514
ny,28,0.454263,1607
ny,29,0.443436,1653
ny,30,0.474134,2339
ny,31,0.483871,2325
ny,32,0.516776,2742
ny,33,0.47746,3150
ny,34,0.439385,3514
ny,35,0.488101,3866
ny,36,0.487171,3040
ny,37,0.470466,3860
ny,38,0.504,4750
ny,39,0.406089,3876
ny,40,0.390347,3315
ny,41,0.356055,2494
ny,42,0.3525,2800
ny,43,0.397024,2957
ny,44,0.360551,2829
ny,45,0.372564,2617
ny,46,0.379363,3266
ny,47,0.356854,2721
ny,48,0.397916,4511
ny,49,0.466199,4985
ny,50,0.475631,5786
ny,51,0.453348,8885
ny,52,0.435557,9652
oh,1,0.317603,13435
oh,2,0.289089,11301
oh,3,0.272275,9237
oh,4,0.255876,8680
oh,5,0.253804,9200
oh,6,0.243229,9341
oh,7,0.233268,9757
oh,8,0.22654,9548
oh,9,0.219497,8155
oh,10,0.235382,7371
oh,11,0.196899,6257
oh,12,0.200885,5650
oh,13,0.192323,5054
oh,14,0.189083,4342
oh,15,0.198097,3574
oh,16,0.1927,3041
oh,17,0.151942,2909
oh,18,0.153121,2227
oh,19,0.168122,1832
oh,20,0.170245,1304
oh,21,0.122886,887
oh,22,0.187584,741
oh,23,0.179104,1005
oh,24,0.203898,667
oh,25,0.24275,931
oh,26,0.285207,845
oh,27,0.254737,950
oh,28,0.399592,981
oh,29,0.378109,1005
oh,30,0.314258,1031
oh,31,0.346429,1400
oh,32,0.385965,1881
oh,33,0.430481,1496
oh,34,0.425477,2308
oh,35,0.404453,2695
oh,36,0.388393,2240
oh,37,0.337178,2948
oh,38,0.266596,3781
oh,39,0.278963,3936
oh,40,0.274722,3236
oh,41,0.271528,2729
oh,42,0.282368,3074
oh,43,0.282381,3343
oh,44,0.288315,3021
oh,45,0.284932,3106
oh,46,0.327452,3457
oh,47,0.343335,3766
oh,48,0.381436,4331
oh,49,0.334012,4910
oh,50,0.348263,4778
oh,51,0.339213,6916
oh,52,0.327781,8405
ok,1,0.264291,5108
ok,2,0.25595,4958
ok,3,0.261032,4011
ok,4,0.23907,4346
ok,5,0.196271,6007
ok,6,0.164809,5831
ok,7,0.186235,4446
ok,8,0.20266,3834
ok,9,0.225343,3133
ok,10,0.199086,2406
ok,11,0.207111,2728
ok,12,0.203338,1977
ok,13,0.231869,1889
ok,14,0.254269,1581
ok,15,0.220535,1383
ok,16,0.226852,1080
ok,17,0.200389,1028
ok,18,0.173378,894
ok,19,0.146643,566
ok,20,0.138462,520
ok,21,0.084932,365
ok,22,0.179661,295
ok,23,0.150641,312
ok,24,0.164596,322
ok,25,0.185022,227
ok,26,0.301282,312
ok,27,0.316456,237
ok,28,0.366864,338
ok,29,0.311804,449
ok,30,0.313924,395
ok,31,0.433287,727
ok,32,0.38873,1047
ok,33,0.382567,826
ok,34,0.373767,1014
ok,35,0.302297,1611
ok,36,0.304569,1182
ok,37,0.284599,1409
ok,38,0.236507,1649
ok,39,0.226334,1162
ok,40,0.224786,1170
ok,41,0.292835,963
ok,42,0.237168,1130
ok,43,0.178019,1292
ok,44,0.221679,1227
ok,45,0.258669,1442
ok,46,0.256785,1437
ok,47,0.277874,1731
ok,48,0.237741,1611
ok,49,0.278541,1892
ok,50,0.290855,2362
ok,51,0.295867,3363
ok,52,0.258824,3400
pa,1,0.320677,8270
pa,2,0.2994,7171
pa,3,0.304553,5293
pa,4,0.285962,4609
pa,5,0.258218,4411
pa,6,0.244052,4581
pa,7,0.221746,4433
pa,8,0.232763,4438
pa,9,0.187674,4300
pa,10,0.166386,3564
pa,11,0.170424,2617
pa,12,0.162429,2635
pa,13,0.160936,2734
pa,14,0.172768,2240
pa,15,0.129213,2136
pa,16,0.094708,1795
pa,17,0.085765,1679
pa,18,0.175917,1063
pa,19,0.182584,1068
pa,20,0.158892,686
pa,21,0.15739,521
pa,22,0.151515,528
pa,23,0.127536,690
pa,24,0.189765,469
pa,25,0.218978,274
pa,26,0.2103,466
pa,27,0.309804,510
pa,28,0.305732,471
pa,29,0.319277,498
pa,30,0.360967,579
pa,31,0.396887,771
pa,32,0.389529,955
pa,33,0.339267,955
pa,34,0.340832,889
pa,35,0.352941,1309
pa,36,0.389851,808
pa,37,0.323622,1270
pa,38,0.330119,1348
pa,39,0.305151,1786
pa,40,0.244218,1470
pa,41,0.229992,1287
pa,42,0.235472,1325
pa,43,0.282915,1276
pa,44,0.253061,1225
pa,45,0.258669,1067
pa,46,0.216406,1280
pa,47,0.239928,1117
pa,48,0.279762,1344
pa,49,0.303299,1576
pa,50,0.304022,2138
pa,51,0.292155,3327
pa,52,0.291457,4577
sc,1,0.295215,16344
sc,2,0.291465,13192
sc,3,0.266364,9686
sc,4,0.258233,10750
sc,5,0.248044,11506
sc,6,0.218643,11393
sc,7,0.240934,9679
sc,8,0.229773,7181
sc,9,0.217992,5936
sc,10,0.205963,4394
sc,11,0.163946,4349
sc,12,0.199377,3531
sc,13,0.166558,3062
sc,14,0.195227,2556
sc,15,0.172905,1897
sc,16,0.144226,1983
sc,17,0.159306,1902
sc,18,0.145848,1433
sc,19,0.151244,1567
sc,20,0.172686,886
sc,21,0.195833,960
sc,22,0.211726,614
sc,23,0.163731,965
sc,24,0.15777,843
sc,25,0.207898,861
sc,26,0.257688,943
sc,27,0.267726,818
sc,28,0.319095,796
sc,29,0.350803,1183
sc,30,0.37783,1281
sc,31,0.372403,1877
sc,32,0.379284,2597
sc,33,0.370575,2712
sc,34,0.37907,3870
sc,35,0.325918,4630
sc,36,0.299909,3301
sc,37,0.267792,2726
sc,38,0.262102,2541
sc,39,0.219937,2528
sc,40,0.224947,2365
sc,41,0.199468,2632
sc,42,0.186893,2060
sc,43,0.219553,2414
sc,44,0.18251,2104
sc,45,0.194561,2611
sc,46,0.179,3000
sc,47,0.160512,2735
sc,48,0.175402,2862
sc,49,0.185547,3584
sc,50,0.182498,4548
sc,51,0.163091,8670
sc,52,0.158657,10904
tn,1,0.266673,21247
tn,2,0.253264,18842
tn,3,0.258661,11834
tn,4,0.260072,11443
tn,5,0.237552,12894
tn,6,0.232594,14463
tn,7,0.263645,14474
tn,8,0.25267,13298
tn,9,0.251808,12307
tn,10,0.209994,9786
tn,11,0.187329,7671
tn,12,0.199939,6607
tn,13,0.199109,6283
tn,14,0.172086,5044
tn,15,0.175786,4039
tn,16,0.151556,3695
tn,17,0.14016,3125
tn,18,0.183206,2620
tn,19,0.163489,2465
tn,20,0.113082,1804
tn,21,0.143761,1106
tn,22,0.123858,985
tn,23,0.175031,1594
tn,24,0.211467,1343
tn,25,0.249406,1263
tn,26,0.231366,1677
tn,27,0.276136,1387
tn,28,0.332059,1569
tn,29,0.373909,1947
tn,30,0.36555,2328
tn,31,0.391273,2750
tn,32,0.383901,3553
tn,33,0.34954,4566
tn,34,0.335922,6052
tn,35,0.317602,6272
tn,36,0.278881,4181
tn,37,0.240366,3711
tn,38,0.214507,3226
tn,39,0.226931,4129
tn,40,0.19471,3970
tn,41,0.187564,3892
tn,42,0.188452,3481
tn,43,0.193392,3723
tn,44,0.205865,3410
tn,45,0.212911,4260
tn,46,0.237687,4203
tn,47,0.235376,4325
tn,48,0.217487,4552
tn,49,0.200197,5075
tn,50,0.207095,5920
tn,51,0.197112,10040
tn,52,0.191786,13343
tx,1,0.326208,97300
tx,2,0.30254,91297
tx,3,0.299403,69034
tx,4,0.288614,75530
tx,5,0.269425,80735
tx,6,0.255206,79383
tx,7,0.243394,61423
tx,8,0.248089,51687
tx,9,0.229626,46236
tx,10,0.218567,38972
tx,11,0.208742,33654
tx,12,0.210886,31913
tx,13,0.221243,28819
tx,14,0.220936,26012
tx,15,0.220897,25152
tx,16,0.197574,24320
tx,17,0.181371,21762
tx,18,0.192288,17557
tx,19,0.199461,14464
tx,20,0.186882,12029
tx,21,0.185225,10301
tx,22,0.208171,8983
tx,23,0.221736,10738
tx,24,0.263629,11281
tx,25,0.287023,10912
tx,26,0.329665,10541
tx,27,0.355666,11463
tx,28,0.420144,11239
tx,29,0.426261,13541
tx,30,0.414641,13373
tx,31,0.433772,21207
tx,32,0.417914,27453
tx,33,0.402861,27193
tx,34,0.405467,30328
tx,35,0.371023,35324
tx,36,0.334923,26845
tx,37,0.288269,26059
tx,38,0.247022,24933
tx,39,0.228088,23184
tx,40,0.206223,19091
tx,41,0.203848,19490
tx,42,0.204133,18292
tx,43,0.195359,18960
tx,44,0.202841,17245
tx,45,0.204023,20331
tx,46,0.205991,21166
tx,47,0.183436,22144
tx,48,0.196853,22245
tx,49,0.196519,25570
tx,50,0.211077,29269
tx,51,0.210341,46206
tx,52,0.213306,47181
va,1,0.308257,20311
va,2,0.305361,17124
va,3,0.282156,12486
va,4,0.281925,11613
va,5,0.259227,11650
va,6,0.222502,11119
va,7,0.211376,10162
va,8,0.235398,8492
va,9,0.197888,7858
va,10,0.170915,6395
va,11,0.164273,5223
va,12,0.160403,5056
va,13,0.1595,4163
va,14,0.129809,3613
va,15,0.131762,3309
va,16,0.122384,3154
va,17,0.130651,2809
va,18,0.170895,2247
va,19,0.182983,1951
va,20,0.147878,1508
va,21,0.165154,1102
va,22,0.212746,1067
va,23,0.175109,1382
va,24,0.217147,1423
va,25,0.217767,1272
va,26,0.27286,1367
va,27,0.28508,1126
va,28,0.357696,1163
va,29,0.359461,1633
va,30,0.360777,2162
va,31,0.358209,2613
va,32,0.37583,3161
va,33,0.366027,3232
va,34,0.369212,3196
va,35,0.347029,3602
va,36,0.297307,2933
va,37,0.307948,3309
va,38,0.252567,4090
va,39,0.235493,3843
va,40,0.250078,3207
va,41,0.190118,3056
va,42,0.193208,3504
va,43,0.210592,3191
va,44,0.172777,2755
va,45,0.180994,2536
va,46,0.218539,3107
va,47,0.197151,2597
va,48,0.246535,3752
va,49,0.25785,4204
va,50,0.236613,4949
va,51,0.245702,8958
va,52,0.252698,10194
wa,1,0.313639,6364
wa,2,0.292461,5929
wa,3,0.291895,5848
wa,4,0.309432,5704
wa,5,0.3157,6484
wa,6,0.288484,6087
wa,7,0.264867,5852
wa,8,0.20761,4836
wa,9,0.208533,4805
wa,10,0.204567,4248
wa,11,0.219134,4317
wa,12,0.242019,3665
wa,13,0.193968,4078
wa,14,0.168834,4691
wa,15,0.168979,4397
wa,16,0.167243,3468
wa,17,0.127363,2222
wa,18,0.155569,1607
wa,19,0.184494,1393
wa,20,0.219556,1125
wa,21,0.218204,802
wa,22,0.192405,790
wa,23,0.29007,1279
wa,24,0.319646,1242
wa,25,0.325318,1414
wa,26,0.31493,1286
wa,27,0.375475,1052
wa,28,0.378552,1091
wa,29,0.336502,1052
wa,30,0.296496,371
wa,31,0.446731,826
wa,32,0.438999,959
wa,33,0.411765,1207
wa,34,0.376497,1336
wa,35,0.429801,1510
wa,36,0.409294,1119
wa,37,0.346423,1859
wa,38,0.328784,2491
wa,39,0.279211,2790
wa,40,0.25948,2848
wa,41,0.255614,2672
wa,42,0.238264,1981
wa,43,0.238462,1690
wa,44,0.217169,1759
wa,45,0.225694,1728
wa,46,0.233983,1436
wa,47,0.267241,1624
wa,48,0.239548,1770
wa,49,0.254902,2040
wa,50,0.221016,2027
wa,51,0.248799,2705
wa,52,0.283634,3159
wi,1,0.343296,16161
wi,2,0.331386,13694
wi,3,0.322132,10356
wi,4,0.301501,10126
wi,5,0.31595,10853
wi,6,0.292091,10507
wi,7,0.27991,10214
wi,8,0.249726,9134
wi,9,0.306969,8825
wi,10,0.282723,7976
wi,11,0.279717,7218
wi,12,0.274767,7086
wi,13,0.275891,6064
wi,14,0.277921,5444
wi,15,0.243169,4392
wi,16,0.23998,4092
wi,17,0.218703,3347
wi,18,0.243425,3422
wi,19,0.269701,2944
wi,20,0.223068,1708
wi,21,0.228089,947
wi,22,0.217877,716
wi,23,0.204449,944
wi,24,0.179512,1025
wi,25,0.220028,709
wi,26,0.226347,835
wi,27,0.308756,1085
wi,28,0.352884,1023
wi,29,0.354122,1395
wi,30,0.395567,1489
wi,31,0.394619,1338
wi,32,0.376891,1653
wi,33,0.379041,1918
wi,34,0.392363,2383
wi,35,0.419833,2158
wi,36,0.380012,1621
wi,37,0.337942,2459
wi,38,0.293959,3327
wi,39,0.286002,3979
wi,40,0.269441,3652
wi,41,0.243831,3404
wi,42,0.289572,2666
wi,43,0.302317,2676
wi,44,0.275136,2566
wi,45,0.313893,3052
wi,46,0.310927,3615
wi,47,0.337087,4085
wi,48,0.357657,4303
wi,49,0.349602,4651
wi,50,0.360492,4308
wi,51,0.345809,6920
wi,52,0.327951,5760
